sentence1,sentence2,model_name,source,label,p_meta,p_lex,p_syn,p_sem,confidence_margin,detected,jaccard,bigram_overlap,norm_edit_dist,length_change,novel_word_ratio,p_DeBERTa_Single,p_RoBERTa_Single,p_Fusion_NoDis
The possibility of approximating a continuous function on a compact subset of the real line by a feedforward single hidden layer neural network with a sigmoidal activation function has been studied in many papers. ,Numerous research papers have investigated the potential of a feedforward neural network with a single hidden layer and sigmoidal activation function to approximate a continuous function defined on a compact subset of the real line.,Claude Haiku 3.5,https://www.arxiv.org/pdf/1601.00013,1,0.9999893,0.9999938,0.9999951,0.99997985,0.44554484,1,0.46153846153846156,0.3137254901960784,0.9428571428571428,0.029411764705882353,0.3142857142857143,0.9999318,0.83004373,0.999608
"We study a novel machine learning (ML) problem setting of sequentially allocating small subsets of training data amongst a large set of classifiers. The goal is to select a classifier that will give near-optimal accuracy when trained on all data, while also minimizing the cost of misallocated samples.","We investigate an innovative machine learning research paradigm centered on the sequential distribution of compact training data subsets across an extensive array of classification models, with the dual objective of identifying a classifier that approaches optimal accuracy when trained on the complete dataset while simultaneously minimizing the computational expense associated with improperly assigned samples.",Claude Haiku 3.5,https://www.arxiv.org/pdf/1601.00024,1,0.99996877,0.9999852,0.99997985,0.99997675,0.44552433,1,0.2571428571428571,0.08791208791208792,0.6851851851851852,0.125,0.5555555555555556,0.99995995,0.979354,0.9996594
"State-of-the-art object detection networks depend on region proposal algorithms to hypothesize object locations. Advances like SPPnet and Fast R-CNN have reduced the running time of these detection networks, exposing region proposal computation as a bottleneck. ","Contemporary object detection neural networks rely on region proposal mechanisms to generate potential object locations. Innovative approaches such as SPPnet and Fast R-CNN have substantially decreased detection network execution time, thereby revealing the region proposal computation as a critical performance constraint.",Claude Haiku 3.5,https://arxiv.org/abs/1506.01497,1,0.99997413,0.99998856,0.99998987,0.9999707,0.4455297,1,0.34,0.18032786885245902,0.5365853658536586,0.17142857142857143,0.4634146341463415,0.9999658,0.71977776,0.9996486
"As a mission-driven Open Access publisher, innovator and advocacy organization, PLOS is committed to bringing scientific research and 
discovery into the public sphere. From the exciting breakthrough that transforms a field to the confirmatory or negative result, work published 
in PLOS journals truly reflects the breadth and depth of the scientific endeavor","As a purpose-driven Open Access publisher, innovator, and advocacy entity, PLOS is dedicated to disseminating scientific research and discovery to the broader public domain. From groundbreaking innovations that revolutionize a discipline to confirmatory or negative findings, publications in PLOS journals comprehensively represent the full spectrum and complexity of scientific investigation.",Claude Haiku 3.5,https://www.plos.org/files/PLOS-Annual-Update-2016-online.pdf,1,0.9999635,0.99997926,0.99997723,0.99995935,0.4455191,1,0.3770491803278688,0.14942528735632185,0.46153846153846156,-0.038461538461538464,0.38,0.9999697,0.8433798,0.99971753
Our evolutionary history suggests that there was a period when Homo‘s brain was undergoing a long period of gradual enhancement. It wasn’t Homo sapiens though; it was Homo erectus. ,"Evolutionary evidence indicates a prolonged phase of incremental cognitive development within the Homo lineage, specifically characterized by the neurological progression of Homo erectus rather than Homo sapiens.",Claude Haiku 3.5,https://freethoughtblogs.com/pharyngula/2016/04/05/superbrains-will-not-come-out-of-a-test-tube/,1,0.99998736,0.99999464,0.9999949,0.99998903,0.44554293,1,0.09523809523809523,0.0,0.896551724137931,-0.06896551724137931,0.7407407407407407,0.9999573,0.76699245,0.99913067
"I swear I wasn’t going to do a “Top Whatevers of 2015” blog post this year, but then the Benevolent Overlords at Slate asked me to do one, and what choice do I have? They’re benevolent, but they are overlords. Plus I like them.","I had resolved to avoid creating an annual ""Top Whatevers"" compilation this year, but when the Benevolent Overlords at Slate requested such an article, I found myself compelled to acquiesce. After all, they are indeed benevolent, yet still overlords—and moreover, I genuinely appreciate them.",Claude Haiku 3.5,https://slate.com/technology/2015/12/the-top-space-and-astronomy-stories-of-2015.html,1,0.999956,0.99996877,0.9999646,0.99996054,0.44551158,1,0.2222222222222222,0.08974358974358974,0.7954545454545454,0.0,0.6136363636363636,0.9999658,0.9891816,0.99967504
Professor Lord Krebs recently argued in an opinion piece in The Conversation that “accurate reporting of science matters” and that it is part of scientists’ professional duty to “challenge poor media reporting on climate change”. ,"In a commentary published in The Conversation, Professor Lord Krebs asserted that precise scientific communication is crucial and that scientists bear a professional responsibility to critique inaccurate media representations of climate change.",Claude Haiku 3.5,https://www.realclimate.org/index.php/archives/2016/05/,1,0.9999646,0.99998045,0.9999833,0.99995315,0.44552016,1,0.2765957446808511,0.06557377049180328,0.7714285714285715,-0.08571428571428572,0.53125,0.99996674,0.9124362,0.9995272
Keeping up with the relentless pace of change in the ICT industry is a daily challenge for modern tech companies. The key to long-term success lies in the ability to understand change almost before it occurs and seize the opportunity to shape evolving technologies.,Navigating the rapid and continuous transformation within the Information and Communication Technology (ICT) sector poses a persistent challenge for contemporary technology enterprises. Sustained competitive advantage hinges on the capacity to anticipate technological shifts proactively and strategically influence emerging technological trajectories.,Claude Haiku 3.5,https://www.ericsson.com/en/reports-and-papers/ericsson-technology-review/articles/technology-trends-2016,1,0.99996877,0.99999046,0.99998426,0.9999738,0.44552433,1,0.09375,0.0125,0.9090909090909091,-0.09090909090909091,0.75,0.9999417,0.6880493,0.99895155
"In fact, science and technology are clearly distinguishable in both intension and extension. Science in general is the knowledge system with nature as its studying object (plus society and even individuals), which is acquired through experimenting, reasoning, perfecting, etc. ","In reality, science and technology exhibit clear distinctions in both their conceptual definition and practical scope. Science fundamentally represents a knowledge framework centered on investigating natural phenomena, societal structures, and individual dynamics, systematically developed through experimental methods, rational reasoning, and continuous refinement.",Claude Haiku 3.5,https://pmc.ncbi.nlm.nih.gov/articles/PMC5172429/,1,0.999987,0.99999475,0.9999944,0.9999902,0.44554257,1,0.12903225806451613,0.039473684210526314,0.7857142857142857,0.07692307692307693,0.6904761904761905,0.9999546,0.9791955,0.99974686
"Andrew Ng hands me a tiny device that wraps around my ear and connects to a smartphone via a small cable. It looks like a throwback---a smartphone earpiece without a Bluetooth connection. But it's really a glimpse of the future. In a way, this tiny device allows the blind to see.","Andrew Ng presents me with a compact device that encircles the ear and links to a smartphone through a slender cable. Its appearance evokes an outdated technology—reminiscent of an early smartphone earpiece lacking wireless connectivity. However, in essence, this diminutive instrument represents a profound technological breakthrough, fundamentally offering visual perception capabilities to individuals with visual impairments.",Claude Haiku 3.5,https://www.wired.com/2016/01/2015-was-the-year-ai-finally-entered-the-everyday-world/,1,0.99996114,0.9999838,0.99997926,0.99996924,0.4455167,1,0.2222222222222222,0.061224489795918366,0.75,0.09803921568627451,0.625,0.99995315,0.99821776,0.9998416
The possibility of approximating a continuous function on a compact subset of the real line by a feedforward single hidden layer neural network with a sigmoidal activation function has been studied in many papers. ,Many papers have studied the possibility of approximating a continuous function on a compact subset of the real line using a feedforward neural network with a single hidden layer and sigmoidal activation function.,Claude Sonnet 4.5,,1,0.9999517,0.9999546,0.9999635,0.9999083,0.4455073,1,0.696969696969697,0.4772727272727273,0.5,-0.029411764705882353,0.15151515151515152,0.9998511,0.8601343,0.9996259
"We study a novel machine learning (ML) problem setting of sequentially allocating small subsets of training data amongst a large set of classifiers. The goal is to select a classifier that will give near-optimal accuracy when trained on all data, while also minimizing the cost of misallocated samples.","We investigate a new machine learning problem setting that involves sequentially distributing small portions of training data across a large collection of classifiers. The objective is to identify a classifier that achieves near-optimal accuracy when trained on the complete dataset, while simultaneously minimizing the cost associated with misallocated samples.",Claude Sonnet 4.5,,1,0.9999435,0.9999697,0.9999573,0.9999461,0.44549906,1,0.49122807017543857,0.21794871794871795,0.3877551020408163,0.020833333333333332,0.30612244897959184,0.9999697,0.8601343,0.99958915
"State-of-the-art object detection networks depend on region proposal algorithms to hypothesize object locations. Advances like SPPnet and Fast R-CNN have reduced the running time of these detection networks, exposing region proposal computation as a bottleneck. ","Leading object detection networks rely on region proposal algorithms to identify potential object locations. Recent advances such as SPPnet and Fast R-CNN have decreased the runtime of these detection networks, revealing region proposal computation as a bottleneck.",Claude Sonnet 4.5,,1,0.9999546,0.99997723,0.9999757,0.99995315,0.44551015,1,0.575,0.36,0.2972972972972973,0.05714285714285714,0.24324324324324326,0.99996233,0.6893056,0.9995956
"As a mission-driven Open Access publisher, innovator and advocacy organization, PLOS is committed to bringing scientific research and discovery into the public sphere. From the exciting breakthrough that transforms a field to the confirmatory or negative result, work published in PLOS journals truly reflects the breadth and depth of the scientific endeavor","As an Open Access publisher, innovator, and advocacy organization driven by mission, PLOS is dedicated to making scientific research and discovery publicly accessible. Work published in PLOS journals genuinely represents the breadth and depth of scientific endeavor, ranging from transformative breakthroughs that change a field to confirmatory or negative findings.",Claude Sonnet 4.5,,1,0.99995995,0.99997497,0.9999697,0.9999379,0.4455155,1,0.45,0.2345679012345679,0.7884615384615384,-0.038461538461538464,0.36,0.99996674,0.7866228,0.9996486
Our evolutionary history suggests that there was a period when Homo‘s brain was undergoing a long period of gradual enhancement. It wasn’t Homo sapiens though; it was Homo erectus. ,"Our evolutionary history indicates that there was a time when the brain of Homo was experiencing an extended period of gradual improvement. However, this was not Homo sapiens; it was Homo erectus.",Claude Sonnet 4.5,,1,0.99997926,0.9999893,0.99998987,0.9999795,0.44553483,1,0.4411764705882353,0.20408163265306123,0.46875,0.10344827586206896,0.34375,0.999956,0.65445316,0.99961406
"I swear I wasn’t going to do a “Top Whatevers of 2015” blog post this year, but then the Benevolent Overlords at Slate asked me to do one, and what choice do I have? They’re benevolent, but they are overlords. Plus I like them.","I genuinely wasn't planning to write a ""Top Whatevers of 2015"" blog post this year, but then the Benevolent Overlords at Slate requested one from me, and what option did I have? They may be benevolent, but they remain overlords. Furthermore, I like them.",Claude Sonnet 4.5,,1,0.99995315,0.9999707,0.99996674,0.99995935,0.44550872,1,0.4528301886792453,0.25,0.4318181818181818,0.0,0.36363636363636365,0.9999573,0.92892635,0.99967504
Professor Lord Krebs recently argued in an opinion piece in The Conversation that “accurate reporting of science matters” and that it is part of scientists’ professional duty to “challenge poor media reporting on climate change”. ,"In a recent opinion piece in The Conversation, Professor Lord Krebs contended that accurate scientific reporting is important and that scientists have a professional obligation to confront inadequate media coverage of climate change.",Claude Sonnet 4.5,,1,0.99990976,0.99994695,0.9999453,0.99983656,0.44546533,1,0.35555555555555557,0.1,0.7714285714285715,-0.05714285714285714,0.45454545454545453,0.9999573,0.6723317,0.9995272
Keeping up with the relentless pace of change in the ICT industry is a daily challenge for modern tech companies. The key to long-term success lies in the ability to understand change almost before it occurs and seize the opportunity to shape evolving technologies.,Maintaining pace with the constant rate of change in the ICT industry presents a daily challenge for contemporary tech companies. Long-term success depends on the capacity to anticipate change nearly before it happens and capitalize on the opportunity to influence emerging technologies.,Claude Sonnet 4.5,,1,0.99992514,0.9999764,0.9999573,0.99992394,0.4454807,1,0.44,0.20588235294117646,0.4318181818181818,-0.045454545454545456,0.35714285714285715,0.9999646,0.6893056,0.99954176
"In fact, science and technology are clearly distinguishable in both intension and extension. Science in general is the knowledge system with nature as its studying object (plus society and even individuals), which is acquired through experimenting, reasoning, perfecting, etc. ","Indeed, science and technology can be clearly differentiated in both intension and extension. Science broadly is a knowledge system that studies nature as its object (along with society and even individuals), which is obtained through experimentation, reasoning, refinement, and similar processes.",Claude Sonnet 4.5,,1,0.99997854,0.99999213,0.99999166,0.9999778,0.4455341,1,0.46808510638297873,0.23809523809523808,0.4634146341463415,0.05128205128205128,0.34146341463414637,0.99995863,0.8710367,0.99968004
"Andrew Ng hands me a tiny device that wraps around my ear and connects to a smartphone via a small cable. It looks like a throwback---a smartphone earpiece without a Bluetooth connection. But it's really a glimpse of the future. In a way, this tiny device allows the blind to see.","Andrew Ng gives me a small device that fits around my ear and links to a smartphone through a thin cable. It appears to be a relic---a smartphone earpiece lacking Bluetooth connectivity. However, it actually represents a preview of what's to come. In a sense, this small device enables blind individuals to see.",Claude Sonnet 4.5,,1,0.99992514,0.99995995,0.999956,0.99993694,0.4454807,1,0.3728813559322034,0.14942528735632185,0.49056603773584906,0.0392156862745098,0.3584905660377358,0.99994695,0.92359227,0.9995695
The possibility of approximating a continuous function on a compact subset of the real line by a feedforward single hidden layer neural network with a sigmoidal activation function has been studied in many papers. ,A feedforward neural network with one hidden layer and sigmoidal activation function can approximate continuous functions on compact real line subsets - this topic has been examined in numerous publications.,Claude Opus,,1,0.9999908,0.9999949,0.99999547,0.9999862,0.4455464,1,0.45,0.14814814814814814,0.8823529411764706,-0.11764705882352941,0.4,0.99995863,0.909907,0.9996594
"We study a novel machine learning (ML) problem setting of sequentially allocating small subsets of training data amongst a large set of classifiers. The goal is to select a classifier that will give near-optimal accuracy when trained on all data, while also minimizing the cost of misallocated samples.","We examine a new machine learning (ML) problem scenario involving the sequential distribution of small training data subsets across a large collection of classifiers. The objective is to identify a classifier that achieves nearly optimal accuracy when trained on the complete dataset, while simultaneously reducing the cost associated with incorrectly allocated samples.",Claude Opus,,1,0.9999502,0.9999764,0.99996674,0.99995244,0.44550574,1,0.3968253968253968,0.16666666666666666,0.5,0.08333333333333333,0.40384615384615385,0.9999658,0.79692537,0.99965405
"State-of-the-art object detection networks depend on region proposal algorithms to hypothesize object locations. Advances like SPPnet and Fast R-CNN have reduced the running time of these detection networks, exposing region proposal computation as a bottleneck. ","Leading object detection networks rely on region proposal algorithms to generate potential object locations. Improvements such as SPPnet and Fast R-CNN have decreased the execution time of these detection networks, revealing region proposal computation as a performance constraint.",Claude Opus,,1,0.9999502,0.99997926,0.9999757,0.9999485,0.44550574,1,0.5238095238095238,0.35294117647058826,0.3157894736842105,0.08571428571428572,0.2894736842105263,0.9999646,0.68510735,0.99961996
"As a mission-driven Open Access publisher, innovator and advocacy organization, PLOS is committed to bringing scientific research and discovery into the public sphere. From the exciting breakthrough that transforms a field to the confirmatory or negative result, work published in PLOS journals truly reflects the breadth and depth of the scientific endeavor","As an Open Access publisher, innovator and advocacy organization focused on its mission, PLOS dedicates itself to making scientific research and discovery publicly available. Work appearing in PLOS journals genuinely represents the full scope and richness of scientific undertakings, from groundbreaking discoveries that reshape fields to confirmatory or negative findings.",Claude Opus,,1,0.9999658,0.99998224,0.99997985,0.99996233,0.44552135,1,0.3384615384615385,0.13636363636363635,0.8076923076923077,-0.038461538461538464,0.46,0.99996877,0.7892337,0.9996947
Our evolutionary history suggests that there was a period when Homo‘s brain was undergoing a long period of gradual enhancement. It wasn’t Homo sapiens though; it was Homo erectus. ,"Our evolutionary past indicates there was an era when the Homo brain experienced an extended phase of gradual improvement. This occurred not in Homo sapiens, but in Homo erectus.",Claude Opus,,1,0.9999877,0.99999285,0.9999943,0.99998903,0.4455433,1,0.2631578947368421,0.0784313725490196,0.7241379310344828,0.0,0.5862068965517241,0.99996114,0.70821255,0.9997086
"I swear I wasn’t going to do a “Top Whatevers of 2015” blog post this year, but then the Benevolent Overlords at Slate asked me to do one, and what choice do I have? They’re benevolent, but they are overlords. Plus I like them.","I promise I had no intention of writing a ""Top Whatevers of 2015"" blog post this year, but then Slate's Benevolent Overlords requested I write one, and what option did I have? They're benevolent, yet they remain overlords. Additionally, I'm fond of them.",Claude Opus,,1,0.9999151,0.9999485,0.99992967,0.9999151,0.4454707,1,0.36363636363636365,0.13513513513513514,0.5454545454545454,-0.022727272727272728,0.4186046511627907,0.9999573,0.8940517,0.99964297
Professor Lord Krebs recently argued in an opinion piece in The Conversation that “accurate reporting of science matters” and that it is part of scientists’ professional duty to “challenge poor media reporting on climate change”. ,"Professor Lord Krebs stated in a recent opinion article in The Conversation that ""accurate reporting of science matters"" and that scientists have a professional obligation to ""challenge poor media reporting on climate change"".",Claude Opus,,1,0.9999069,0.9999379,0.9999263,0.9998766,0.44546247,1,0.42857142857142855,0.2222222222222222,0.42857142857142855,-0.05714285714285714,0.36363636363636365,0.9999125,0.72758853,0.9995695
Keeping up with the relentless pace of change in the ICT industry is a daily challenge for modern tech companies. The key to long-term success lies in the ability to understand change almost before it occurs and seize the opportunity to shape evolving technologies.,Maintaining pace with the constant evolution in the ICT industry represents a daily struggle for contemporary technology firms. Long-term success depends on the capacity to recognize change nearly before it happens and grasp the chance to influence developing technologies.,Claude Opus,,1,0.9999318,0.99997723,0.99995863,0.9999461,0.44548738,1,0.3148148148148148,0.0958904109589041,0.5454545454545454,-0.11363636363636363,0.46153846153846156,0.99995995,0.7102265,0.99954873
"In fact, science and technology are clearly distinguishable in both intension and extension. Science in general is the knowledge system with nature as its studying object (plus society and even individuals), which is acquired through experimenting, reasoning, perfecting, etc. ","Indeed, science and technology are clearly differentiable in both concept and scope. Science overall is the knowledge system that studies nature as its object (along with society and even individuals), obtained via experimentation, reasoning, refinement, and so forth.",Claude Opus,,1,0.9999733,0.9999902,0.9999895,0.9999764,0.44552886,1,0.425531914893617,0.20967741935483872,0.5128205128205128,-0.02564102564102564,0.3684210526315789,0.9999517,0.9686196,0.99969935
"Andrew Ng hands me a tiny device that wraps around my ear and connects to a smartphone via a small cable. It looks like a throwback---a smartphone earpiece without a Bluetooth connection. But it's really a glimpse of the future. In a way, this tiny device allows the blind to see.","Andrew Ng gives me a small device that fits around my ear and links to a smartphone through a thin cable. It resembles something outdated---a smartphone earpiece lacking Bluetooth connectivity. However, it's actually a preview of what's to come. In a sense, this small device enables blind people to see.",Claude Opus,,1,0.999936,0.99996674,0.9999635,0.99994695,0.44549155,1,0.39655172413793105,0.15476190476190477,0.47058823529411764,-0.0196078431372549,0.36,0.9999453,0.8969756,0.9995627
The possibility of approximating a continuous function on a compact subset of the real line by a feedforward single hidden layer neural network with a sigmoidal activation function has been studied in many papers. ,Numerous papers have examined the capability of a feedforward neural network with a single hidden layer and sigmoidal activation function to approximate a continuous function on a compact subset of the real line.,Grok 4,,1,0.9999862,0.9999919,0.9999937,0.99997294,0.44554174,1,0.4864864864864865,0.3541666666666667,0.9411764705882353,-0.029411764705882353,0.2727272727272727,0.99992275,0.840259,0.9996259
"We study a novel machine learning (ML) problem setting of sequentially allocating small subsets of training data amongst a large set of classifiers. The goal is to select a classifier that will give near-optimal accuracy when trained on all data, while also minimizing the cost of misallocated samples.","We examine a new machine learning (ML) scenario involving the sequential distribution of small portions of training data to a large number of classifiers. The objective is to choose a classifier that achieves nearly optimal performance when trained on the full dataset, while also reducing the expense of incorrectly assigned samples.",Grok 4,,1,0.9999453,0.99997413,0.99996233,0.99996054,0.44550085,1,0.3548387096774194,0.15476190476190477,0.47058823529411764,0.0625,0.39215686274509803,0.9999646,0.81815636,0.99968493
"State-of-the-art object detection networks depend on region proposal algorithms to hypothesize object locations. Advances like SPPnet and Fast R-CNN have reduced the running time of these detection networks, exposing region proposal computation as a bottleneck. ","Contemporary object detection models rely on region proposal methods to generate potential object positions. Innovations such as SPPnet and Fast R-CNN have shortened the execution time of these models, highlighting region proposal processing as the primary bottleneck.",Grok 4,,1,0.99996233,0.9999833,0.9999827,0.9999678,0.4455179,1,0.3695652173913043,0.15254237288135594,0.4864864864864865,0.05714285714285714,0.40540540540540543,0.9999646,0.7098244,0.99963164
"As a mission-driven Open Access publisher, innovator and advocacy organization, PLOS is committed to bringing scientific research and discovery into the public sphere. From the exciting breakthrough that transforms a field to the confirmatory or negative result, work published in PLOS journals truly reflects the breadth and depth of the scientific endeavor","As a purpose-oriented Open Access publisher, innovator, and advocacy entity, PLOS dedicates itself to disseminating scientific research and discovery to the public domain. Spanning the transformative breakthrough that reshapes a discipline to the confirmatory or negative finding, publications in PLOS journals authentically embody the full scope and profundity of the scientific pursuit.",Grok 4,,1,0.99994695,0.99997413,0.99996877,0.9999461,0.44550252,1,0.36065573770491804,0.20238095238095238,0.40384615384615385,0.0,0.36538461538461536,0.9999678,0.9079672,0.9997546
Our evolutionary history suggests that there was a period when Homo‘s brain was undergoing a long period of gradual enhancement. It wasn’t Homo sapiens though; it was Homo erectus. ,"Evolutionary records indicate a time when the brain of the Homo genus was experiencing a prolonged phase of steady improvement. This was not Homo sapiens, however; it was Homo erectus.",Grok 4,,1,0.99998105,0.9999895,0.9999908,0.99998105,0.4455366,1,0.24324324324324326,0.05555555555555555,0.7333333333333333,0.034482758620689655,0.5,0.99995995,0.8895288,0.99965405
"I swear I wasn’t going to do a “Top Whatevers of 2015” blog post this year, but then the Benevolent Overlords at Slate asked me to do one, and what choice do I have? They’re benevolent, but they are overlords. Plus I like them.","I vowed I wouldn't write a ""Top Whatevers of 2015"" blog post this year, but then the Benevolent Overlords at Slate requested one, and what option did I have? They're benevolent, but they are overlords. Plus, I like them.",Grok 4,,1,0.99989104,0.9999318,0.9999039,0.99990535,0.4454466,1,0.5319148936170213,0.3333333333333333,0.3409090909090909,-0.11363636363636363,0.2564102564102564,0.99991775,0.9241418,0.9995827
Professor Lord Krebs recently argued in an opinion piece in The Conversation that “accurate reporting of science matters” and that it is part of scientists’ professional duty to “challenge poor media reporting on climate change”. ,"In a recent opinion article in The Conversation, Professor Lord Krebs contended that “accurate reporting of science matters” and that scientists bear a professional responsibility to “challenge poor media reporting on climate change”.",Grok 4,,1,0.99977654,0.99986017,0.9998233,0.9995956,0.4453321,1,0.5384615384615384,0.3469387755102041,0.4857142857142857,-0.05714285714285714,0.2727272727272727,0.9999485,0.6641048,0.9994023
Keeping up with the relentless pace of change in the ICT industry is a daily challenge for modern tech companies. The key to long-term success lies in the ability to understand change almost before it occurs and seize the opportunity to shape evolving technologies.,Matching the unyielding speed of transformation in the ICT sector presents a daily hurdle for contemporary technology firms. The secret to sustained achievement rests in the capacity to anticipate shifts nearly before they happen and capitalize on the chance to influence emerging technologies.,Grok 4,,1,0.9999274,0.9999764,0.9999678,0.9999417,0.44548297,1,0.18032786885245902,0.0375,0.6136363636363636,-0.022727272727272728,0.5813953488372093,0.99995315,0.9092645,0.99954873
"In fact, science and technology are clearly distinguishable in both intension and extension. Science in general is the knowledge system with nature as its studying object (plus society and even individuals), which is acquired through experimenting, reasoning, perfecting, etc. ","Indeed, science and technology are distinctly separable in both connotation and denotation. Science broadly constitutes the knowledge framework centered on nature as its object of study (along with society and individuals), obtained via experimentation, reasoning, refinement, and the like.",Grok 4,,1,0.99998164,0.9999932,0.9999932,0.99998426,0.4455372,1,0.3137254901960784,0.11764705882352941,0.6666666666666666,0.0,0.46153846153846156,0.999956,0.9926542,0.99980587
"Andrew Ng hands me a tiny device that wraps around my ear and connects to a smartphone via a small cable. It looks like a throwback---a smartphone earpiece without a Bluetooth connection. But it's really a glimpse of the future. In a way, this tiny device allows the blind to see.","Andrew Ng hands me a small gadget that fits around my ear and links to a smartphone through a short cord. It resembles an old-school smartphone headset lacking Bluetooth. Yet it truly offers a vision of tomorrow. In one sense, this little device enables the blind to perceive visually.",Grok 4,,1,0.9999546,0.9999757,0.99997413,0.99996626,0.44551015,1,0.31746031746031744,0.1411764705882353,0.5490196078431373,-0.0392156862745098,0.46938775510204084,0.9999546,0.9207897,0.9996018
The possibility of approximating a continuous function on a compact subset of the real line by a feedforward single hidden layer neural network with a sigmoidal activation function has been studied in many papers. ,Several studies have examined the ability of a single hidden layer feedforward neural network with a sigmoidal activation function to approximate a continuous function on a compact subset of the real line.,Gpt 5,,1,0.9999833,0.9999908,0.9999926,0.99996877,0.44553888,1,0.5,0.3617021276595745,0.8823529411764706,-0.058823529411764705,0.25,0.9999274,0.87705624,0.9996486
"We study a novel machine learning (ML) problem setting of sequentially allocating small subsets of training data amongst a large set of classifiers. The goal is to select a classifier that will give near-optimal accuracy when trained on all data, while also minimizing the cost of misallocated samples.",We investigate a new machine learning (ML) problem that involves sequentially distributing small subsets of training data among a large pool of classifiers. The objective is to identify a classifier that achieves near-optimal accuracy when trained on the entire dataset while minimizing the cost of incorrectly allocated samples.,Gpt 5,,1,0.99996233,0.99997854,0.9999733,0.99995995,0.4455179,1,0.509090909090909,0.2702702702702703,0.3541666666666667,0.0,0.2708333333333333,0.9999707,0.76803803,0.99963737
"State-of-the-art object detection networks depend on region proposal algorithms to hypothesize object locations. Advances like SPPnet and Fast R-CNN have reduced the running time of these detection networks, exposing region proposal computation as a bottleneck. ","Modern object detection networks rely on region proposal algorithms to predict object locations. Methods such as SPPnet and Fast R-CNN have decreased the runtime of these networks, making region proposal computation the main bottleneck.",Gpt 5,,1,0.9999778,0.99998736,0.99999046,0.99997675,0.4455334,1,0.525,0.25,0.37142857142857144,-0.02857142857142857,0.2647058823529412,0.9999697,0.69678426,0.9996018
"As a mission-driven Open Access publisher, innovator and advocacy organization, PLOS is committed to bringing scientific research and discovery into the public sphere. From the exciting breakthrough that transforms a field to the confirmatory or negative result, work published in PLOS journals truly reflects the breadth and depth of the scientific endeavor","As a mission-driven Open Access publisher, innovator, and advocacy organization, PLOS is dedicated to making scientific research and discoveries accessible to the public. From groundbreaking findings that advance a field to confirmatory or negative results, the work published in PLOS journals represents the full scope of scientific exploration.",Gpt 5,,1,0.9999573,0.9999697,0.9999646,0.9999318,0.4455129,1,0.4642857142857143,0.2564102564102564,0.4230769230769231,-0.07692307692307693,0.2916666666666667,0.99996877,0.7240906,0.99955577
Our evolutionary history suggests that there was a period when Homo‘s brain was undergoing a long period of gradual enhancement. It wasn’t Homo sapiens though; it was Homo erectus. ,"Our evolutionary history indicates that there was a time when the brain of Homo underwent a prolonged phase of gradual development. However, it was not Homo sapiens but Homo erectus.",Gpt 5,,1,0.9999852,0.9999913,0.9999932,0.9999838,0.4455408,1,0.45454545454545453,0.1875,0.5,0.034482758620689655,0.3333333333333333,0.9999635,0.65068924,0.99961406
"I swear I wasn’t going to do a “Top Whatevers of 2015” blog post this year, but then the Benevolent Overlords at Slate asked me to do one, and what choice do I have? They’re benevolent, but they are overlords. Plus I like them.","I honestly wasn’t planning to write a “Top Whatevers of 2015” blog post this year, but when the Benevolent Overlords at Slate requested it, I couldn’t really refuse. They may be benevolent, yet they’re still overlords—and besides, I like them.",Gpt 5,,1,0.9999635,0.9999707,0.9999716,0.9999546,0.4455191,1,0.4423076923076923,0.22727272727272727,0.5,-0.09090909090909091,0.375,0.9999678,0.9600627,0.99981767
Professor Lord Krebs recently argued in an opinion piece in The Conversation that “accurate reporting of science matters” and that it is part of scientists’ professional duty to “challenge poor media reporting on climate change”. ,"In an opinion piece in The Conversation, Professor Lord Krebs recently asserted that “accurate reporting of science matters” and emphasized that it is part of scientists’ professional responsibility to “challenge poor media reporting on climate change.”",Gpt 5,,1,0.99963737,0.99979013,0.9996947,0.9989837,0.44519293,1,0.75,0.6046511627906976,0.3888888888888889,0.02857142857142857,0.1388888888888889,0.9999573,0.70456684,0.99954873
Keeping up with the relentless pace of change in the ICT industry is a daily challenge for modern tech companies. The key to long-term success lies in the ability to understand change almost before it occurs and seize the opportunity to shape evolving technologies.,Keeping pace with the rapid changes in the ICT industry is a constant challenge for modern technology companies. Long-term success depends on anticipating change before it happens and taking the opportunity to influence emerging technologies.,Gpt 5,,1,0.9999546,0.99998105,0.9999697,0.99994075,0.44551015,1,0.46808510638297873,0.1875,0.4772727272727273,-0.20454545454545456,0.3142857142857143,0.9999697,0.7017131,0.9994967
"In fact, science and technology are clearly distinguishable in both intension and extension. Science in general is the knowledge system with nature as its studying object (plus society and even individuals), which is acquired through experimenting, reasoning, perfecting, etc. ","In fact, science and technology can be clearly distinguished in both intension and extension. Science, in general, is a knowledge system that studies nature (along with society and even individuals) and is developed through experimentation, reasoning, and refinement.",Gpt 5,,1,0.9999764,0.99998856,0.9999877,0.9999757,0.44553196,1,0.391304347826087,0.171875,0.48717948717948717,-0.02564102564102564,0.34210526315789475,0.9999635,0.9263037,0.99970406
"Andrew Ng hands me a tiny device that wraps around my ear and connects to a smartphone via a small cable. It looks like a throwback---a smartphone earpiece without a Bluetooth connection. But it's really a glimpse of the future. In a way, this tiny device allows the blind to see.","Andrew Ng gives me a small device that fits around my ear and connects to a smartphone with a short cable. It resembles an old-fashioned smartphone earpiece without Bluetooth, yet it actually offers a glimpse of the future. In a sense, this tiny device enables the blind to see.",Gpt 5,,1,0.9999573,0.99997497,0.99997497,0.9999697,0.4455129,1,0.5094339622641509,0.3472222222222222,0.3333333333333333,-0.0392156862745098,0.2653061224489796,0.9999485,0.89368117,0.99955577
The possibility of approximating a continuous function on a compact subset of the real line by a feedforward single hidden layer neural network with a sigmoidal activation function has been studied in many papers. ,The possibility of approximating a continuous function on a compact subset of the real line by a single hidden layer feedforward neural network with a sigmoidal activation function has been extensively studied.,Llama 4,,1,0.9998977,0.9999274,0.99993074,0.99986017,0.4454533,1,0.8,0.6842105263157895,0.17647058823529413,-0.058823529411764705,0.0625,0.99985576,0.9500415,0.99967504
"We study a novel machine learning (ML) problem setting of sequentially allocating small subsets of training data amongst a large set of classifiers. The goal is to select a classifier that will give near-optimal accuracy when trained on all data, while also minimizing the cost of misallocated samples.","We investigate a new machine learning problem setting that involves sequentially distributing small subsets of training data among a large set of classifiers, with the objective of identifying a classifier that achieves near-optimal accuracy when trained on the entire dataset, while also reducing the cost associated with misallocated samples.",Llama 4,,1,0.9999635,0.99998164,0.99997497,0.9999658,0.4455191,1,0.48214285714285715,0.23376623376623376,0.42857142857142855,0.020833333333333332,0.30612244897959184,0.9999697,0.8204695,0.9996486
"State-of-the-art object detection networks depend on region proposal algorithms to hypothesize object locations. Advances like SPPnet and Fast R-CNN have reduced the running time of these detection networks, exposing region proposal computation as a bottleneck. ","State-of-the-art object detection networks rely on region proposal algorithms to propose potential object locations. Recent advances, such as SPPnet and Fast R-CNN, have accelerated these detection networks, revealing that region proposal computation has become a bottleneck.",Llama 4,,1,0.999956,0.99997497,0.9999707,0.99995315,0.44551158,1,0.46511627906976744,0.2641509433962264,0.4722222222222222,0.02857142857142857,0.3333333333333333,0.9999697,0.7397986,0.99961996
"As a mission-driven Open Access publisher, innovator and advocacy organization, PLOS is committed to bringing scientific research and discovery into the public sphere. From the exciting breakthrough that transforms a field to the confirmatory or negative result, work published in PLOS journals truly reflects the breadth and depth of the scientific endeavor","As an Open Access publisher driven by mission, innovation, and advocacy, PLOS aims to make scientific research and discovery accessible to the public. The work published in PLOS journals accurately represents the full scope and range of scientific inquiry, from groundbreaking discoveries to validation and null findings.",Llama 4,,1,0.99997246,0.9999857,0.9999827,0.99995995,0.44552803,1,0.25,0.10227272727272728,0.8076923076923077,-0.09615384615384616,0.46808510638297873,0.9999635,0.91181,0.9996947
Our evolutionary history suggests that there was a period when Homo‘s brain was undergoing a long period of gradual enhancement. It wasn’t Homo sapiens though; it was Homo erectus. ,"Our evolutionary past indicates that Homo's brain underwent a prolonged period of gradual development, but it was not Homo sapiens; rather, it was Homo erectus",Llama 4,,1,0.9999919,0.99999607,0.9999969,0.9999906,0.44554746,1,0.3235294117647059,0.10869565217391304,0.6206896551724138,-0.13793103448275862,0.44,0.99996233,0.70740473,0.9996486
"I swear I wasn’t going to do a “Top Whatevers of 2015” blog post this year, but then the Benevolent Overlords at Slate asked me to do one, and what choice do I have? They’re benevolent, but they are overlords. Plus I like them.","I had resolved not to write a ""Top Whatever"" blog post for 2015, but then Slate's Benevolent Overlords requested one, and I couldn't refuse; after all, they're benevolent but still in charge, and I also happen to like them.",Llama 4,,1,0.99997413,0.99997854,0.99997854,0.99997854,0.4455297,1,0.22807017543859648,0.06756756756756757,0.7272727272727273,-0.11363636363636363,0.5128205128205128,0.99996114,0.9952448,0.9998313
Professor Lord Krebs recently argued in an opinion piece in The Conversation that “accurate reporting of science matters” and that it is part of scientists’ professional duty to “challenge poor media reporting on climate change”. ,"In a recent opinion piece in The Conversation, Professor Lord Krebs asserted that accurate science reporting is crucial and that it is scientists' professional responsibility to challenge inaccurate media coverage of climate change.",Llama 4,,1,0.9999274,0.999956,0.9999517,0.9998945,0.44548297,1,0.4186046511627907,0.13793103448275862,0.7142857142857143,-0.05714285714285714,0.36363636363636365,0.99995315,0.6522414,0.9995345
Keeping up with the relentless pace of change in the ICT industry is a daily challenge for modern tech companies. The key to long-term success lies in the ability to understand change almost before it occurs and seize the opportunity to shape evolving technologies.,"The rapid pace of change in the ICT industry poses a daily challenge for contemporary tech companies, and the key to sustained success lies in anticipating change and capitalizing on emerging technologies to shape their evolution.",Llama 4,,1,0.9999778,0.9999924,0.9999889,0.9999702,0.4455334,1,0.375,0.2222222222222222,0.5227272727272727,-0.18181818181818182,0.3333333333333333,0.99996877,0.7348813,0.9994887
"In fact, science and technology are clearly distinguishable in both intension and extension. Science in general is the knowledge system with nature as its studying object (plus society and even individuals), which is acquired through experimenting, reasoning, perfecting, etc. ","Science and technology are distinctly different in both concept and scope. Science is a system of knowledge that focuses on studying nature (as well as society and individuals), acquired through experimentation, reasoning, refinement, and other methods.",Llama 4,,1,0.9999895,0.99999464,0.9999951,0.99998796,0.44554508,1,0.3541666666666667,0.08955223880597014,0.6666666666666666,-0.07692307692307693,0.4166666666666667,0.9999635,0.9766692,0.9997131
"Andrew Ng hands me a tiny device that wraps around my ear and connects to a smartphone via a small cable. It looks like a throwback---a smartphone earpiece without a Bluetooth connection. But it's really a glimpse of the future. In a way, this tiny device allows the blind to see.","Andrew Ng hands me a small device that fits around my ear and links to a smartphone with a short cable, resembling an old-fashioned smartphone earpiece. However, it's actually a glimpse into the future, as this tiny device enables the blind to ""see"".",Llama 4,,1,0.99997497,0.99998736,0.9999862,0.99997926,0.44553053,1,0.35714285714285715,0.21333333333333335,0.49019607843137253,-0.1568627450980392,0.37209302325581395,0.99995863,0.93439513,0.99963164
